icd,ccs,ccs_desc,icd_desc
010,1,Tuberculosis,PRIM TB COMPLEX-UNSPEC
011,1,Tuberculosis,TB LUNG INFILTR-UNSPEC
012,1,Tuberculosis,TB PLEURISY-UNSPEC
013,1,Tuberculosis,TB MENINGITIS-UNSPEC
014,1,Tuberculosis,TB PERITONITIS-UNSPEC
015,1,Tuberculosis,TB OF VERTEBRA-UNSPEC
016,1,Tuberculosis,TB OF KIDNEY-UNSPEC
017,1,Tuberculosis,TB SKIN/SUBCUTAN-UNSPEC
018,1,Tuberculosis,ACUTE MILIARY TB-UNSPEC
137,1,Tuberculosis,LATE EFFECT TB- RESP/NOS
V12,1,Tuberculosis,HX TUBERCULOSIS (Begin 1994)
003,2,Septicemia,SALMONELLA SEPTICEMIA
020,2,Septicemia,SEPTICEMIC PLAGUE
022,2,Septicemia,ANTHRAX SEPTICEMIA
036,2,Septicemia,MENINGOCOCCEMIA
038,2,Septicemia,STREPTOCOCCAL SEPTICEMIA
054,2,Septicemia,HERPETIC SEPTICEMIA
449,2,Septicemia,SEPTIC ARTERIAL EMBOLISM (Begin 2007)
790,2,Septicemia,BACTEREMIA NOS
021,3,Oth bact inf,TULAREMIA NEC
023,3,Oth bact inf,BRUCELLA MELITENSIS
024,3,Oth bact inf,GLANDERS
025,3,Oth bact inf,MELIOIDOSIS
026,3,Oth bact inf,SPIRILLARY FEVER
027,3,Oth bact inf,LISTERIOSIS
030,3,Oth bact inf,LEPROMATOUS LEPROSY
031,3,Oth bact inf,DX DUE TO DISSEM MYCOBACT (Begin 1997)
032,3,Oth bact inf,DIPHTHERIA NEC
033,3,Oth bact inf,BORDETELLA PERTUSSIS
034,3,Oth bact inf,SCARLET FEVER
037,3,Oth bact inf,TETANUS
039,3,Oth bact inf,ABDOMINAL ACTINOMYCOSIS
040,3,Oth bact inf,GAS GANGRENE
041,3,Oth bact inf,"STREPTOCOCCUS INFECT NOS (Begin 1980, End 1992)"
390,3,Oth bact inf,RHEUM FEV W/O HRT INVOLV
392,3,Oth bact inf,RHEUMATIC CHOREA NOS
795,3,Oth bact inf,POSITIVE CULTURE FINDING (End 2002)
V09,3,Oth bact inf,INFEC-PENICILLIN-RESIST ORGS (Begin 1993)
110,4,Mycoses,DERMATOPHYT SCALP/BEARD
111,4,Mycoses,PITYRIASIS VERSICOLOR
112,4,Mycoses,THRUSH
114,4,Mycoses,PRIM CUTAN COCCIDIOID
115,4,Mycoses,HISTOPLASMA CAPSULAT NOS
116,4,Mycoses,BLASTOMYCOSIS
117,4,Mycoses,RHINOSPORIDIOSIS
118,4,Mycoses,OPPORTUNISTIC MYCOSES
042,5,HIV infectn,HIV DISEASE (Begin 1994)
043,5,HIV infectn,"HIV CAUS LYMPHADENOPATHY (Begin 1986, End 1994)"
044,5,HIV infectn,"HIV CAUS ACUTE INFECTION (Begin 1986, End 1994)"
079,5,HIV infectn,HIV TYPE 2 (Begin 1993)
279,5,HIV infectn,IMMUNDEF T-CELL DEF NOS
V08,5,HIV infectn,HIV POSITIVE NOS (Begin 1994)
070,6,Hepatitis,HEPATITIS A WITH COMA
571,6,Hepatitis,CHRONIC HEPATITIS NOS
573,6,Hepatitis,HEPATITIS IN VIRAL DIS
050,7,Viral infect,VARIOLA MAJOR
051,7,Viral infect,COWPOX
052,7,Viral infect,POSTVARICELLA MYELITIS (Begin 2006)
053,7,Viral infect,H ZOSTER NERV SYST NOS
055,7,Viral infect,MEASLES COMPLICATION NEC
056,7,Viral infect,RUBELLA NERVE COMPL NOS
057,7,Viral infect,ERYTHEMA INFECTIOSUM
058,7,Viral infect,ROSEOLA INFANTUM NOS (Begin 2007)
060,7,Viral infect,SYLVATIC YELLOW FEVER
061,7,Viral infect,DENGUE
065,7,Viral infect,CRIMEAN HEMORRHAGIC FEV
066,7,Viral infect,PHLEBOTOMUS FEVER
071,7,Viral infect,RABIES
072,7,Viral infect,MUMPS ORCHITIS
073,7,Viral infect,ORNITHOSIS COMPLICAT NEC
074,7,Viral infect,HERPANGINA
075,7,Viral infect,INFECTIOUS MONONUCLEOSIS
078,7,Viral infect,MOLLUSCUM CONTAGIOSUM
080,8,Oth infectns,LOUSE-BORNE TYPHUS
081,8,Oth infectns,MURINE TYPHUS
082,8,Oth infectns,SPOTTED FEVERS
083,8,Oth infectns,TRENCH FEVER
084,8,Oth infectns,FALCIPARUM MALARIA
085,8,Oth infectns,VISCERAL LEISHMANIASIS
086,8,Oth infectns,CHAGAS DISEASE OF HEART
087,8,Oth infectns,LOUSE-BORNE RELAPS FEVER
088,8,Oth infectns,BARTONELLOSIS
100,8,Oth infectns,LEPTOSPIROS ICTEROHEM
101,8,Oth infectns,VINCENT-S ANGINA
102,8,Oth infectns,INITIAL LESIONS YAWS
103,8,Oth infectns,PINTA PRIMARY LESIONS
104,8,Oth infectns,NONVENEREAL ENDEMIC SYPH
120,8,Oth infectns,SCHISTOSOMA HAEMATOBIUM
121,8,Oth infectns,OPISTHORCHIASIS
122,8,Oth infectns,ECHINOCOCC GRANUL LIVER
123,8,Oth infectns,TAENIA SOLIUM INTESTINE
124,8,Oth infectns,TRICHINOSIS
125,8,Oth infectns,BANCROFTIAN FILARIASIS
126,8,Oth infectns,ANCYLOSTOMA DUODENALE
127,8,Oth infectns,ASCARIASIS
128,8,Oth infectns,TOXOCARIASIS
129,8,Oth infectns,INTESTIN PARASITISM NOS
130,8,Oth infectns,TOXOPLASMA HEPATITIS
131,8,Oth infectns,UROGENITAL TRICHOMON NOS
132,8,Oth infectns,PEDICULUS CAPITIS
133,8,Oth infectns,SCABIES
134,8,Oth infectns,MYIASIS
135,8,Oth infectns,SARCOIDOSIS
136,8,Oth infectns,AINHUM
139,8,Oth infectns,LATE EFF INFECT DIS NEC
090,9,Sexual Infxs,EARLY CONG SYPH SYMPTOM
091,9,Sexual Infxs,PRIMARY GENITAL SYPHILIS
092,9,Sexual Infxs,EARLY SYPH LATENT RELAPS
093,9,Sexual Infxs,AORTIC ANEURYSM- SYPHIL
094,9,Sexual Infxs,TABES DORSALIS
095,9,Sexual Infxs,SYPHILITIC EPISCLERITIS
096,9,Sexual Infxs,LATE SYPHILIS LATENT
097,9,Sexual Infxs,LATE SYPHILIS NOS
098,9,Sexual Infxs,ACUTE GC INFECT LOWER GU
099,9,Sexual Infxs,CHANCROID
V01,10,Immuniz/scrn,CHOLERA CONTACT
V02,10,Immuniz/scrn,CHOLERA CARRIER
V03,10,Immuniz/scrn,VACCIN FOR CHOLERA
V04,10,Immuniz/scrn,VACCIN FOR POLIOMYELITIS
V05,10,Immuniz/scrn,ARBOVIRUS ENCEPH VACCIN
V06,10,Immuniz/scrn,VACCIN FOR CHOLERA + TAB
V28,10,Immuniz/scrn,ANTENATAL SCREEN STREP B (Begin 1997)
V71,10,Immuniz/scrn,OBSERV-SUSPECT TB
V73,10,Immuniz/scrn,SCREENING-POLIOMYELITIS
V74,10,Immuniz/scrn,SCREENING FOR CHOLERA
V75,10,Immuniz/scrn,SCREEN-RICKETTSIAL DIS
140,11,Hd/nck cancr,MAL NEO UPPER VERMILION
141,11,Hd/nck cancr,MAL NEO TONGUE BASE
142,11,Hd/nck cancr,MALIG NEO PAROTID
143,11,Hd/nck cancr,MALIG NEO UPPER GUM
144,11,Hd/nck cancr,MAL NEO ANT FLOOR MOUTH
145,11,Hd/nck cancr,MAL NEO CHEEK MUCOSA
146,11,Hd/nck cancr,MALIGNANT NEOPL TONSIL
147,11,Hd/nck cancr,MAL NEO SUPER NASOPHARYN
148,11,Hd/nck cancr,MAL NEO POSTCRICOID
149,11,Hd/nck cancr,MAL NEO PHARYNX NOS
160,11,Hd/nck cancr,MAL NEO NASAL CAVITIES
161,11,Hd/nck cancr,MALIGNANT NEO GLOTTIS
195,11,Hd/nck cancr,MAL NEO HEAD/FACE/NECK
230,11,Hd/nck cancr,CA IN SITU ORAL CAV/PHAR
231,11,Hd/nck cancr,CA IN SITU LARYNX
V10,11,Hd/nck cancr,HX OF TONGUE MALIGNANCY
150,12,Esoph cancer,MAL NEO CERVICAL ESOPHAG
151,13,Stomch cancr,MAL NEO STOMACH CARDIA
153,14,Colon cancer,MAL NEO HEPATIC FLEXURE
159,14,Colon cancer,MALIG NEO INTESTINE NOS
154,15,Rctm/anus ca,MAL NEO RECTOSIGMOID JCT
155,16,Liver/ibd ca,MAL NEO LIVER- PRIMARY
157,17,Pancreas can,MAL NEO PANCREAS HEAD
152,18,GI/perit can,MALIGNANT NEOPL DUODENUM
156,18,GI/perit can,MALIG NEO GALLBLADDER
158,18,GI/perit can,MAL NEO RETROPERITONEUM
162,19,Brnch/lng ca,MALIG NEO MAIN BRONCHUS
163,20,Ot respir ca,MAL NEO PARIETAL PLEURA
165,20,Ot respir ca,MAL NEO UPPER RESP NOS
170,21,Bone/ct cncr,MAL NEO SKULL/FACE BONE
171,21,Bone/ct cncr,MAL NEO SOFT TISSUE HEAD
172,22,Skin melanom,MALIG MELANOMA LIP
173,23,Non-epith ca,MALIG NEO SKIN LIP
232,23,Non-epith ca,CA IN SITU SKIN LIP
174,24,Breast cancr,MALIG NEO NIPPLE
175,24,Breast cancr,MAL NEO MALE NIPPLE
233,24,Breast cancr,CA IN SITU BREAST
179,25,Uterus cancr,MALIG NEOPL UTERUS NOS
182,25,Uterus cancr,MALIG NEO CORPUS UTERI
180,26,Cervix cancr,MALIG NEO ENDOCERVIX
183,27,Ovary cancer,MALIGN NEOPL OVARY
181,28,Fem genit ca,MALIGNANT NEOPL PLACENTA
184,28,Fem genit ca,MALIGN NEOPL VAGINA
185,29,Prostate can,MALIGN NEOPL PROSTATE
186,30,Testis cancr,MAL NEO UNDESCEND TESTIS
187,31,Mal genit ca,MALIGN NEOPL PREPUCE
188,32,Bladder cncr,MAL NEO BLADDER-TRIGONE
189,33,Kidny/rnl ca,MALIG NEOPL KIDNEY
191,35,Brain/ns can,MALIGN NEOPL CEREBRUM
192,35,Brain/ns can,MAL NEO CRANIAL NERVES
193,36,Thyroid cncr,MALIGN NEOPL THYROID
258,36,Thyroid cncr,MULT ENDO NEOP TYPE IIA (Begin 2007)
201,37,Hodgkin-s ds,HODGKINS PARAGRAN UNSPEC
200,38,Non-Hodg lym,RETICULOSARCOMA UNSPEC
202,38,Non-Hodg lym,NODULAR LYMPHOMA UNSPEC
203,39,Leukemias,"PLASMA CELL LEUKEMIA (Begin 1980, End 1991)"
204,39,Leukemias,"ACUTE LYMPHOID LEUKEMIA (Begin 1980, End 1991)"
205,39,Leukemias,"ACUTE MYELOID LEUKEMIA (Begin 1980, End 1991)"
206,39,Leukemias,"ACUTE MONOCYTIC LEUKEMIA (Begin 1980, End 1991)"
207,39,Leukemias,"ACUTE ERYTHREMIA (Begin 1980, End 1991)"
208,39,Leukemias,"ACT LEUK UNS CL W/O RMSN (Begin 1980, End 1991)"
164,41,Ot primry ca,MALIGNANT NEOPL THYMUS
176,41,Ot primry ca,SKIN - KAPOSI-S SARCOMA (Begin 1991)
190,41,Ot primry ca,MALIGN NEOPL EYEBALL
194,41,Ot primry ca,MALIGN NEOPL ADRENAL
234,41,Ot primry ca,CA IN SITU EYE
196,42,2ndary malig,MAL NEO LYMPH-HEAD/NECK
197,42,2ndary malig,SECONDARY MALIG NEO LUNG
198,42,2ndary malig,SECOND MALIG NEO KIDNEY
789,42,2ndary malig,MALIGNANT ASCITES (Begin 2007)
199,43,Malig neopls,MALIG NEO DISSEMINATED
235,44,Neoplsm unsp,UNC BEHAV NEO SALIVARY
236,44,Neoplsm unsp,UNCERT BEHAV NEO UTERUS
237,44,Neoplsm unsp,UNC BEHAV NEO PITUITARY
238,44,Neoplsm unsp,UNC BEHAV NEO BONE
239,44,Neoplsm unsp,DIGESTIVE NEOPLASM NOS
V58,45,Maint chem/r,RADIOTHERAPY ENCOUNTER
V66,45,Maint chem/r,RADIOTHERAPY CONVALESCEN
V67,45,Maint chem/r,RADIOTHERAPY FOLLOW-UP
218,46,Bnign ut neo,SUBMUCOUS LEIOMYOMA
219,46,Bnign ut neo,BENIGN NEO CERVIX UTERI
210,47,Ot bnign neo,BENIGN NEOPLASM LIP
211,47,Ot bnign neo,BENIGN NEO ESOPHAGUS
212,47,Ot bnign neo,BEN NEO NASAL CAV/SINUS
213,47,Ot bnign neo,BEN NEO SKULL/FACE BONE
214,47,Ot bnign neo,LIPOMA SKIN FACE
215,47,Ot bnign neo,BEN NEO SOFT TISSUE HEAD
216,47,Ot bnign neo,BENIGN NEO SKIN LIP
217,47,Ot bnign neo,BENIGN NEOPLASM BREAST
220,47,Ot bnign neo,BENIGN NEOPLASM OVARY
221,47,Ot bnign neo,BEN NEO FALLOPIAN TUBE
222,47,Ot bnign neo,BENIGN NEOPLASM TESTIS
223,47,Ot bnign neo,BENIGN NEOPLASM KIDNEY
224,47,Ot bnign neo,BENIGN NEOPLASM EYEBALL
225,47,Ot bnign neo,BENIGN NEOPLASM BRAIN
226,47,Ot bnign neo,BENIGN NEOPLASM THYROID
227,47,Ot bnign neo,BENIGN NEOPLASM ADRENAL
228,47,Ot bnign neo,HEMANGIOMA NOS
229,47,Ot bnign neo,BENIGN NEO LYMPH NODES
240,48,Thyroid dsor,SIMPLE GOITER
241,48,Thyroid dsor,NONTOX UNINODULAR GOITER
242,48,Thyroid dsor,TOX DIF GOITER NO CRISIS
243,48,Thyroid dsor,CONGENITAL HYPOTHYROIDSM
244,48,Thyroid dsor,POSTSURGICAL HYPOTHYROID
245,48,Thyroid dsor,ACUTE THYROIDITIS
246,48,Thyroid dsor,DIS THYROCALCITON SECRET
794,48,Thyroid dsor,ABN THYROID FUNCT STUDY
250,49,DiabMel no c,DIABETES UNCOMPL TYPE II
791,49,DiabMel no c,GLYCOSURIA
V45,49,DiabMel no c,INSULIN PUMP STATUS (Begin 2003)
V53,49,DiabMel no c,FITTING AND ADJUSTMENT OF INSULIN PUMP (Begin 2003)
V65,49,DiabMel no c,ENCOUNTER FOR INSULIN PUMP TRAINING (Begin 2003)
251,51,Ot endo dsor,HYPOGLYCEMIC COMA
252,51,Ot endo dsor,HYPERPARATHYROIDISM (End 2004)
253,51,Ot endo dsor,ACROMEGALY AND GIGANTISM
254,51,Ot endo dsor,PERSIST HYPERPLAS THYMUS
255,51,Ot endo dsor,CUSHING-s SYNDROME
256,51,Ot endo dsor,HYPERESTROGENISM
257,51,Ot endo dsor,TESTICULAR HYPERFUNCTION
259,51,Ot endo dsor,DELAY SEXUAL DEVELOP NEC
260,52,Nutrit defic,KWASHIORKOR
261,52,Nutrit defic,NUTRITIONAL MARASMUS
262,52,Nutrit defic,OTH SEVERE MALNUTRITION
263,52,Nutrit defic,MALNUTRITION MOD DEGREE
264,52,Nutrit defic,VIT A CONJUNCTIV XEROSIS
265,52,Nutrit defic,BERIBERI
266,52,Nutrit defic,ARIBOFLAVINOSIS
267,52,Nutrit defic,ASCORBIC ACID DEFICIENCY
268,52,Nutrit defic,RICKETS- ACTIVE
269,52,Nutrit defic,DEFICIENCY OF VITAMIN K
799,52,Nutrit defic,CACHEXIA
272,53,Hyperlipidem,PURE HYPERCHOLESTEROLEM
274,54,Gout/ot crys,GOUTY ARTHROPATHY
712,54,Gout/ot crys,DICALC PHOS CRYST-UNSPEC
276,55,Fluid/elc dx,HYPEROSMOLALITY
277,56,Cystic fibro,CYSTIC FIBROS W/O ILEUS
270,58,Ot nutrit dx,AMINO-ACID TRANSPORT DIS
271,58,Ot nutrit dx,GLYCOGENOSIS
273,58,Ot nutrit dx,POLYCLON HYPERGAMMAGLOBU
275,58,Ot nutrit dx,DIS IRON METABOLISM
278,58,Ot nutrit dx,OBESITY (End 1995)
783,58,Ot nutrit dx,ABNORMAL WEIGHT GAIN
793,58,Ot nutrit dx,IMAGE TEST INCON D/T FAT (Begin 2006)
V85,58,Ot nutrit dx,BMI LESS THAN 19 (Begin 2005)
280,59,Anemia,CHR BLOOD LOSS ANEMIA
281,59,Anemia,PERNICIOUS ANEMIA
282,59,Anemia,HEREDITARY SPHEROCYTOSIS
283,59,Anemia,AUTOIMMUN HEMOLYTIC ANEM
284,59,Anemia,CONGEN APLASTIC ANEMIA
285,59,Anemia,SIDEROBLASTIC ANEMIA
286,62,Coag/hemr dx,CONG FACTOR VIII DIORD
287,62,Coag/hemr dx,ALLERGIC PURPURA
289,62,Coag/hemr dx,PRIMARY HYPERCOAGULABLE STATE (Begin 2003)
782,62,Coag/hemr dx,SPONTANEOUS ECCHYMOSES
288,63,Wht blood dx,AGRANULOCYTOSIS
317,65,Mentl retard,MILD MENTAL RETARDATION
318,65,Mentl retard,MOD MENTAL RETARDATION
319,65,Mentl retard,MENTAL RETARDATION NOS-
291,66,Alchl-r mntl,DELIRIUM TREMENS
303,66,Alchl-r mntl,AC ALCOHOL INTOX-UNSPEC
305,66,Alchl-r mntl,ALCOHOL ABUSE-UNSPEC
292,67,Subst-r mntl,DRUG WITHDRAWAL SYNDROME
304,67,Subst-r mntl,OPIOID DEPENDENCE-UNSPEC
V15,67,Subst-r mntl,HX TOBACCO USE (Begin 1994)
290,68,Senil/org mn,SENILE DEMENTIA UNCOMP
293,68,Senil/org mn,ACUTE DELIRIUM
294,68,Senil/org mn,AMNESTIC SYNDROME
310,68,Senil/org mn,FRONTAL LOBE SYNDROME
331,68,Senil/org mn,ALZHEIMER-S DISEASE
797,68,Senil/org mn,SENILITY W/O PSYCHOSIS-
296,69,Affective dx,MANIC DISORDER-UNSPEC
298,69,Affective dx,REACT DEPRESS PSYCHOSIS
300,69,Affective dx,NEUROTIC DEPRESSION
301,69,Affective dx,CHRONIC HYPOMANIC PERSON
295,70,Schizo/rl dx,SIMPL SCHIZOPHREN-UNSPEC
299,70,Schizo/rl dx,INFANTILE AUTISM-ACTIVE
297,71,Ot psychoses,PARANOID STATE- SIMPLE
307,72,Anxiety dx,NONORGANIC SLEEP DIS NOS
308,72,Anxiety dx,STRESS REACT- EMOTIONAL
309,72,Anxiety dx,PROLONG POSTTRAUM STRESS
312,72,Anxiety dx,IMPULSE CONTROL DIS NOS
327,72,Anxiety dx,INSOMNIA DT MENTAL DISOR (Begin 2005)
313,73,Preadult dx,OVERANXIOUS DISORDER
314,73,Preadult dx,ATTN DEFIC NONHYPERACT
302,74,Ot mentl cnd,ZOOPHILIA
306,74,Ot mentl cnd,PSYCHOGEN MUSCULSKEL DIS
311,74,Ot mentl cnd,DEPRESSIVE DISORDER NEC
315,74,Ot mentl cnd,READING DISORDER NOS
316,74,Ot mentl cnd,PSYCHIC FACTOR W OTH DIS
V62,74,Ot mentl cnd,SUICIDAL IDEATION (Begin 2005)
V11,75,Hx mental dx,HX OF SCHIZOPHRENIA
V40,75,Hx mental dx,PROBLEMS WITH LEARNING
V70,75,Hx mental dx,PSYCH EXAM-AUTHORITY REQ
V79,75,Hx mental dx,SCREENING FOR DEPRESSION
047,76,Meningitis,COXSACKIE VIRUS MENING
049,76,Meningitis,LYMPHOCYTIC CHORIOMENING
320,76,Meningitis,HEMOPHILUS MENINGITIS
321,76,Meningitis,CRYPTOCOCCAL MENINGITIS
322,76,Meningitis,NONPYOGENIC MENINGITIS
046,77,Encephalitis,SUBAC SCLEROS PANENCEPH
062,77,Encephalitis,JAPANESE ENCEPHALITIS
063,77,Encephalitis,RUSSIA SPR-SUMMER ENCEPH
064,77,Encephalitis,VIR ENCEPH ARTHROPOD NEC
323,77,Encephalitis,ENCEPHALIT IN VIRAL DIS
341,77,Encephalitis,ACUTE MYELITIS NOS (Begin 2006)
045,78,Oth CNS infx,AC BULBAR POLIO-TYPE NOS
048,78,Oth CNS infx,OTH ENTEROVIRAL CNS DIS
138,78,Oth CNS infx,LATE EFFECT ACUTE POLIO
324,78,Oth CNS infx,INTRACRANIAL ABSCESS
326,78,Oth CNS infx,LATE EFF CNS ABSCESS
332,79,Parkinson-s,PARALYSIS AGITANS
340,80,MS,MULTIPLE SCLEROSIS
330,81,Ot hered CNS,LEUKODYSTROPHY
333,81,Ot hered CNS,DEGEN BASAL GANGLIA NEC
334,81,Ot hered CNS,FRIEDREICH-S ATAXIA
335,81,Ot hered CNS,WERDNIG-HOFFMANN DISEASE
336,81,Ot hered CNS,SYRINGOMYELIA
337,81,Ot hered CNS,IDIOPATH AUTO NEUROPATHY
342,82,Paralysis,FLACCID HEMIPLEGIA (End 1994)
343,82,Paralysis,CONGENITAL DIPLEGIA
344,82,Paralysis,QUADRIPLEGIA NOS (End 1994)
781,82,Paralysis,TRANSIENT LIMB PARALYSIS
345,83,Epilepsy/cnv,"GEN NONCONVULS EPILEPSY (Begin 1980, End 1989)"
780,83,Epilepsy/cnv,CONVULSIONS (End 1997)
346,84,Headache/mig,"CLASSICAL MIGRAINE (Begin 1980, End 1992)"
784,84,Headache/mig,HEADACHE
348,85,Coma/brn dmg,ANOXIC BRAIN DAMAGE
366,86,Cataract,NONSENILE CATARACT NOS
V43,86,Cataract,LENS REPLACEMENT NEC
361,87,Retinal dx,DETACHMNT W DEFECT NOS
362,87,Retinal dx,DIABETIC RETINOPATHY NOS
365,88,Glaucoma,PREGLAUCOMA NOS
367,89,Blindness,HYPERMETROPIA
368,89,Blindness,AMBLYOPIA NOS
369,89,Blindness,BOTH EYES BLIND-WHO DEF
V41,89,Blindness,PROBLEMS WITH SIGHT
076,90,Eye infectn,TRACHOMA- INITIAL STAGE
077,90,Eye infectn,INCLUSION CONJUNCTIVITIS
360,90,Eye infectn,PURULENT ENDOPHTHALM NOS
363,90,Eye infectn,FOCAL CHORIORETINIT NOS
364,90,Eye infectn,ACUTE IRIDOCYCLITIS NOS
370,90,Eye infectn,SUPERFIC KERATITIS NOS
372,90,Eye infectn,ACUTE CONJUNCTIVITIS NOS
373,90,Eye infectn,BLEPHARITIS NOS
375,90,Eye infectn,DACRYOADENITIS NOS
376,90,Eye infectn,ACUTE INFLAM NOS- ORBIT
377,90,Eye infectn,OPTIC NEURITIS NOS
379,90,Eye infectn,SCLERITIS NOS
371,91,Other eye dx,CORNEAL OPACITY NOS
374,91,Other eye dx,ENTROPION NOS
378,91,Other eye dx,ESOTROPIA NOS
V42,91,Other eye dx,CORNEA TRANSPLANT STATUS
V52,91,Other eye dx,FITTING ARTIFICIAL EYE
V72,91,Other eye dx,EYE & VISION EXAMINATION
381,92,Otitis media,AC NONSUP OTITIS MED NOS
382,92,Otitis media,AC SUPP OTITIS MEDIA NOS
383,92,Otitis media,AC MASTOIDITIS W/O COMPL
384,92,Otitis media,PERFORAT TYMPAN MEMB NOS
385,92,Otitis media,TYMPANOSCLEROSIS NOS
387,92,Otitis media,OTOSCLER-OVAL WND NONOBL
386,93,Dizziness,MENIERE-s DISEASE NOS
380,94,Other ear dx,PERICHONDRITIS PINNA NOS
388,94,Other ear dx,DEGEN/VASCUL DIS EAR NOS
389,94,Other ear dx,CONDUCT HEARING LOSS NOS
V49,94,Other ear dx,DUAL SENSORY IMPAIRMENT (Begin 2007)
325,95,Oth nerv dx,PHLEBITIS INTRCRAN SINUS
338,95,Oth nerv dx,CENTRAL PAIN SYNDROME (Begin 2006)
347,95,Oth nerv dx,CATAPLEXY AND NARCOLEPSY (End 2004)
349,95,Oth nerv dx,DISORDER OF MENINGES NEC
350,95,Oth nerv dx,TRIGEMINAL NEURALGIA
351,95,Oth nerv dx,BELL-s PALSY
352,95,Oth nerv dx,OLFACTORY NERVE DISORDER
353,95,Oth nerv dx,BRACHIAL PLEXUS LESIONS
354,95,Oth nerv dx,CARPAL TUNNEL SYNDROME
355,95,Oth nerv dx,SCIATIC NERVE LESION
356,95,Oth nerv dx,HERED PERIPH NEUROPATHY
357,95,Oth nerv dx,AC INFECT POLYNEURITIS
358,95,Oth nerv dx,MYASTHENIA GRAVIS (End 2003)
359,95,Oth nerv dx,CONG HERED MUSC DYSTRPHY
792,95,Oth nerv dx,ABN FND-CEREBROSPINAL FL
796,95,Oth nerv dx,ABNORMAL REFLEX
V48,95,Oth nerv dx,SENSORY PROBLEM W HEAD
394,96,Hrt valve dx,MITRAL STENOSIS
395,96,Hrt valve dx,RHEUMAT AORTIC STENOSIS
396,96,Hrt valve dx,MITRAL/AORTIC STENOSIS
397,96,Hrt valve dx,TRICUSPID VALVE DISEASE
424,96,Hrt valve dx,MITRAL VALVE DISORDER
785,96,Hrt valve dx,CARDIAC MURMURS NEC
391,97,Carditis,ACUTE RHEUMATIC PERICARD
393,97,Carditis,CHR RHEUMATIC PERICARD
398,97,Carditis,RHEUMATIC MYOCARDITIS
420,97,Carditis,AC PERICARDIT IN OTH DIS
421,97,Carditis,AC/SUBAC BACT ENDOCARD
422,97,Carditis,AC MYOCARDIT IN OTH DIS
423,97,Carditis,HEMOPERICARDIUM
425,97,Carditis,ENDOMYOCARDIAL FIBROSIS
429,97,Carditis,MYOCARDITIS NOS
401,98,HTN,BENIGN HYPERTENSION
402,99,Htn complicn,MAL HYPERTEN HRT DIS NOS
403,99,Htn complicn,"MAL HYPERTENS RENAL DIS (Begin 1980, End 1989)"
404,99,Htn complicn,"MAL HYPERT HRT/RENAL DIS (Begin 1980, End 1989)"
405,99,Htn complicn,MAL RENOVASC HYPERTENS
437,99,Htn complicn,HYPERTENS ENCEPHALOPATHY
410,100,Acute MI,"AMI ANTEROLATERAL WALL (Begin 1980, End 1989)"
411,101,Coron athero,POST MI SYNDROME
412,101,Coron athero,OLD MYOCARDIAL INFARCT
413,101,Coron athero,ANGINA DECUBITUS
414,101,Coron athero,CORONARY ATHEROSCLEROSIS (End 1994)
786,102,Chest pain,CHEST PAIN NOS
415,103,Pulm hart dx,ACUTE COR PULMONALE
416,103,Pulm hart dx,PRIM PULM HYPERTENSION
417,103,Pulm hart dx,ARTERIOVEN FISTU PUL VES
426,105,Conduction,ATRIOVENT BLOCK COMPLETE
427,106,Dysrhythmia,PAROX ATRIAL TACHYCARDIA
428,108,chf;nonhp,CONGESTIVE HEART FAILURE
430,109,Acute CVD,SUBARACHNOID HEMORRHAGE
431,109,Acute CVD,INTRACEREBRAL HEMORRHAGE
432,109,Acute CVD,NONTRAUM EXTRADURAL HEM
433,109,Acute CVD,BASILAR ART OCCLUS W/CEREB INFARCT (Begin 1993)
434,109,Acute CVD,CEREBRAL THROMBOSIS (End 1993)
436,109,Acute CVD,CVA
435,112,TIA,BASILAR ARTERY SYNDROME
438,113,Late eff CVD,LATE EFF CEREBROVASC DIS (End 1997)
440,114,Perip athero,AORTIC ATHEROSCLEROSIS
443,114,Perip athero,PERIPH VASCULAR DIS NOS
557,114,Perip athero,AC VASC INSUFF INTESTINE
441,115,Aneurysm,DISSECTING ANEURYSM (End 1994)
442,115,Aneurysm,UPPER EXTREMITY ANEURYSM
444,116,Art embolism,ABD AORTIC EMBOLISM
445,116,Art embolism,ATHEROEMBOLISM- UPPER EXTREMITY (Begin 2002)
446,117,Ot circul dx,POLYARTERITIS NODOSA
447,117,Ot circul dx,ACQ ARTERIOVEN FISTULA
448,117,Ot circul dx,HEREDIT HEMORR TELANGIEC
458,117,Ot circul dx,ORTHOSTATIC HYPOTENSION
459,117,Ot circul dx,HEMORRHAGE NOS
451,118,Phlebitis,SUPERFIC PHLEBITIS-LEG
452,118,Phlebitis,PORTAL VEIN THROMBOSIS
453,118,Phlebitis,BUDD-CHIARI SYNDROME
454,119,Varicose vn,LEG VARICOSITY W ULCER
455,120,Hemmorhoids,INT HEMORRHOID W/O COMPL
456,121,Oth vein dx,SUBLINGUAL VARICES
457,121,Oth vein dx,POSTMASTECT LYMPHEDEMA
480,122,Pneumonia,ADENOVIRAL PNEUMONIA
481,122,Pneumonia,PNEUMOCOCCAL PNEUMONIA
482,122,Pneumonia,K. PNEUMONIAE PNEUMONIA
483,122,Pneumonia,"PNEUMONIA: ORGANISM NEC (Begin 1980, End 1992)"
484,122,Pneumonia,PNEUM W CYTOMEG INCL DIS
485,122,Pneumonia,BRONCOPNEUMONIA ORG NOS
486,122,Pneumonia,PNEUMONIA- ORGANISM NOS
513,122,Pneumonia,ABSCESS OF LUNG
517,122,Pneumonia,RHEUMATIC PNEUMONIA
487,123,Influenza,INFLUENZA WITH PNEUMONIA
488,123,Influenza,FLU D/T AVIAN FLU VIRUS (Begin 2007)
463,124,Tonsillitis,ACUTE TONSILLITIS
474,124,Tonsillitis,CHRONIC TONSILLITIS (End 1997)
475,124,Tonsillitis,PERITONSILLAR ABSCESS
466,125,Bronchitis,ACUTE BRONCHITIS
460,126,Ot up rsp in,ACUTE NASOPHARYNGITIS
461,126,Ot up rsp in,AC MAXILLARY SINUSITIS
462,126,Ot up rsp in,ACUTE PHARYNGITIS
464,126,Ot up rsp in,ACUTE LARYNGITIS (End 2001)
465,126,Ot up rsp in,ACUTE LARYNGOPHARYNGITIS
473,126,Ot up rsp in,CHR MAXILLARY SINUSITIS
490,127,COPD,BRONCHITIS NOS
491,127,COPD,SIMPLE CHR BRONCHITIS
492,127,COPD,EMPHYSEMATOUS BLEB
494,127,COPD,BRONCHIECTASIS (End 2000)
496,127,COPD,CHR AIRWAY OBSTRUCT NEC
493,128,Asthma,EXT ASTHMA W/O STAT ASTH
507,129,Asp pneumon,FOOD/VOMIT PNEUMONITIS-
510,130,Pleurisy,EMPYEMA WITH FISTULA
511,130,Pleurisy,PLEURISY W/O EFFUS OR TB
512,130,Pleurisy,SPONT TENS PNEUMOTHORAX
518,130,Pleurisy,PULMONARY COLLAPSE
V46,131,Adlt resp fl,DEPENDENCE ON RESPIRATOR (End 2004)
495,132,Lung externl,FARMERS LUNG
500,132,Lung externl,COAL WORKERS PNEUMOCON
501,132,Lung externl,ASBESTOSIS
502,132,Lung externl,SILICA PNEUMOCON NEC
503,132,Lung externl,INORG DUST PNEUMOCON NEC
504,132,Lung externl,DUST PNEUMONOPATHY NEC
505,132,Lung externl,PNEUMOCONIOSIS NOS
506,132,Lung externl,FUM/VAPOR BRONC/PNEUMON
508,132,Lung externl,AC PUL MANIF D/T RADIAT
514,133,Oth low resp,PULM CONGEST/HYPOSTASIS
515,133,Oth low resp,POSTINFLAM PULM FIBROSIS
516,133,Oth low resp,PUL ALVEOLAR PROTEINOSIS
519,133,Oth low resp,DISORDERS OF DIAPHRAGM
470,134,Ot uppr resp,DEVIATED NASAL SEPTUM
471,134,Ot uppr resp,POLYP OF NASAL CAVITY
472,134,Ot uppr resp,CHRONIC RHINITIS
476,134,Ot uppr resp,CHRONIC LARYNGITIS
477,134,Ot uppr resp,RHINITIS DUE TO POLLEN
478,134,Ot uppr resp,HYPERTRPH NASAL TURBINAT
V44,134,Ot uppr resp,TRACHEOSTOMY STATUS
V55,134,Ot uppr resp,ATTEN TO TRACHEOSTOMY
001,135,Intest infct,CHOLERA D/T VIB CHOLERAE
002,135,Intest infct,TYPHOID FEVER
004,135,Intest infct,SHIGELLA DYSENTERIAE
005,135,Intest infct,STAPH FOOD POISONING
006,135,Intest infct,AC AMEBIASIS W/O ABSCESS
007,135,Intest infct,BALANTIDIASIS
008,135,Intest infct,"E. COLI ENTERITIS (Begin 1980, End 1992)"
009,135,Intest infct,INFECTIOUS ENTERITIS NOS
520,136,Teeth dx,ANODONTIA
521,136,Teeth dx,DENTAL CARIES (End 2001)
522,136,Teeth dx,PULPITIS
523,136,Teeth dx,ACUTE GINGIVITIS
524,136,Teeth dx,"MAJOR ANOM OF JAW SIZE (Begin 1980, End 1992)"
525,136,Teeth dx,EXFOLIATION OF TEETH
526,136,Teeth dx,DEVEL ODONTOGENIC CYSTS
527,137,Mouth dx,SALIVARY GLAND ATROPHY
528,137,Mouth dx,STOMATITIS
529,137,Mouth dx,GLOSSITIS
530,138,Esophgeal dx,ACHALASIA & CARDIOSPASM
531,139,Gasduo ulcer,AC STOMACH ULCER W PERF
532,139,Gasduo ulcer,AC DUODENAL ULCER W PERF
533,139,Gasduo ulcer,AC PEPTIC ULCER W PERFOR
534,139,Gasduo ulcer,AC MARGINAL ULCER W PERF
535,140,Gastritis,"ACUTE GASTRITIS (Begin 1980, End 1991)"
536,141,Ot dx stomch,ACHLORHYDRIA
537,141,Ot dx stomch,ACQ PYLORIC STENOSIS
540,142,Appendicitis,AC APPEND W PERITONITIS
541,142,Appendicitis,APPENDICITIS NOS
542,142,Appendicitis,OTHER APPENDICITIS
543,142,Appendicitis,HYPERPLASIA OF APPENDIX
550,143,Abdom hernia,UNILAT ING HERNIA W GANG
551,143,Abdom hernia,UNIL FEMORAL HERN W GANG
552,143,Abdom hernia,UNIL FEMORAL HERN W OBST
553,143,Abdom hernia,UNILAT FEMORAL HERNIA
555,144,Ulcerat col,REG ENTERITIS- SM INTEST
556,144,Ulcerat col,IDIOPATHIC PROCTOCOLITIS (End 1994)
560,145,Int obstruct,INTUSSUSCEPTION
562,146,Diverticulos,DVRTCLO SML INT (W/O HMRG) (Begin 1980)
564,147,Anal/rectal,ANAL SPASM
565,147,Anal/rectal,ANAL FISSURE
566,147,Anal/rectal,ANAL & RECTAL ABSCESS
569,147,Anal/rectal,ANAL & RECTAL POLYP
567,148,Peritonitis,PERITONITIS IN INFEC DIS
574,149,Biliary dx,CHOLELITH W AC CHOLECYST
575,149,Biliary dx,ACUTE CHOLECYSTITIS
576,149,Biliary dx,POSTCHOLECYSTECTOMY SYND
570,151,Oth liver dx,ACUTE NECROSIS OF LIVER
572,151,Oth liver dx,ABSCESS OF LIVER
577,152,Pancreas dx,ACUTE PANCREATITIS
579,152,Pancreas dx,PANCREATIC STEATORRHEA
578,153,GI hemorrhag,HEMATEMESIS
558,154,Gastroent,NONINF GASTROENTERIT NEC
538,155,Other GI dx,GI MUCOSITIS (ULCERATVE) (Begin 2006)
568,155,Other GI dx,PERITONEAL ADHESIONS
787,155,Other GI dx,HEARTBURN
V47,155,Other GI dx,DIGESTIVE PROBLEMS NEC
580,156,Nephritis,AC PROLIFERAT NEPHRITIS
581,156,Nephritis,NEPHROTIC SYN- PROLIFER
582,156,Nephritis,CHR PROLIFERAT NEPHRITIS
583,156,Nephritis,PROLIFERAT NEPHRITIS NOS
587,156,Nephritis,RENAL SCLEROSIS NOS
584,157,Ac renl fail,LOWER NEPHRON NEPHROSIS
586,157,Ac renl fail,RENAL FAILURE NOS
585,158,Chr ren fail,CHRONIC RENAL FAILURE (End 2005)
V56,158,Chr ren fail,RENAL DIALYSIS ENCOUNTER
590,159,UTI,CHR PYELONEPHRITIS NOS
595,159,UTI,ACUTE CYSTITIS
597,159,UTI,URETHRAL ABSCESS
598,159,UTI,URETHR STRICT:INFECT NOS
599,159,UTI,URIN TRACT INFECTION NOS
592,160,Urin stone,CALCULUS OF KIDNEY
594,160,Urin stone,BLAD DIVERTICULUM CALCUL
788,160,Urin stone,RENAL COLIC
V13,160,Urin stone,HX URINARY CALCULI (Begin 1994)
588,161,Ot dx kidney,RENAL OSTEODYSTROPHY
589,161,Ot dx kidney,UNILATERAL SMALL KIDNEY
591,161,Ot dx kidney,HYDRONEPHROSIS
593,161,Ot dx kidney,NEPHROPTOSIS
596,162,Ot dx bladdr,BLADDER NECK OBSTRUCTION
600,164,BPH,HYPERPLASIA OF PROSTATE (End 2000)
601,165,Inf male gen,ACUTE PROSTATITIS
603,165,Inf male gen,INFECTED HYDROCELE
604,165,Inf male gen,ORCHITIS WITH ABSCESS
607,165,Inf male gen,BALANOPOSTHITIS
608,165,Inf male gen,SEMINAL VESICULITIS
602,166,Oth male gen,CALCULUS OF PROSTATE
605,166,Oth male gen,REDUN PREPUCE & PHIMOSIS
606,166,Oth male gen,AZOOSPERMIA
610,167,Breast dx,SOLITARY CYST OF BREAST
611,167,Breast dx,INFLAM DISEASE OF BREAST
614,168,PID,AC SALPINGO-OOPHORITIS
615,168,PID,AC UTERINE INFLAMMATION
616,168,PID,CERVICITIS
617,169,Endometrios,UTERINE ENDOMETRIOSIS
618,170,Prolapse,PROLAPSE OF VAGINAL WALL (End 2004)
625,171,Menstrual dx,DYSMENORRHEA
626,171,Menstrual dx,ABSENCE OF MENSTRUATION
620,172,Ovarian cyst,FOLLICULAR CYST OF OVARY
627,173,Menopausl dx,PREMENOPAUSE MENORRHAGIA
V07,173,Menopausl dx,POSTMENOPAUS HORMON REPL (Begin 1992)
628,174,Fem infertil,INFERTILITY-ANOVULATION
619,175,Ot femal gen,URIN-GENITAL FISTUL- FEM
621,175,Ot femal gen,POLYP OF CORPUS UTERI
622,175,Ot femal gen,EROSION/ECTROPION CERVIX
623,175,Ot femal gen,DYSPLASIA OF VAGINA
624,175,Ot femal gen,DYSTROPHY OF VULVA (end 2007)
629,175,Ot femal gen,HEMATOCELE- FEMALE NEC
V25,176,Contraceptiv,PRESCRIP-ORAL CONTRACEPT
V26,176,Contraceptiv,TUBOPLASTY OR VASOPLASTY
634,177,Spont abortn,SPON ABOR W PEL INF-UNSP
635,178,Induc abortn,LEG ABOR W PELV INF-UNSP
636,178,Induc abortn,ILLEG AB W PELV INF-UNSP
637,178,Induc abortn,ABORT NOS W PEL INF-UNSP
638,178,Induc abortn,ATTEM ABORT W PELVIC INF
639,179,Abort compl,POSTABORTION GU INFECT
633,180,Ectopic preg,ABDOMINAL PREGNANCY (End 2002)
630,181,Ot preg comp,HYDATIDIFORM MOLE
631,181,Ot preg comp,OTH ABN PROD CONCEPTION
632,181,Ot preg comp,MISSED ABORTION
643,181,Ot preg comp,MILD HYPEREM GRAV-UNSPEC
646,181,Ot preg comp,PAPYRACEOUS FETUS-UNSPEC
647,181,Ot preg comp,SYPHILIS IN PREG-UNSPEC
648,181,Ot preg comp,THYROID DYSFUN PREG-UNSP
649,181,Ot preg comp,TOBACCO USE DISORD-UNSP (Begin 2006)
640,182,Hemorr preg,THREATENED ABORT-UNSPEC
641,182,Hemorr preg,PLACENTA PREVIA-UNSPEC
642,183,HTN in preg,ESSEN HYPERTEN PREG-UNSP
644,184,Early labor,THREAT PREM LABOR-UNSPEC
645,185,Long pregncy,PROLONGED PREG-UNSPEC (Begin 1991)
652,187,Malposition,UNSTABLE LIE-UNSPECIFIED
660,187,Malposition,OBSTRUCT/FET MALPOS-UNSP
653,188,Pelvic obstr,PELVIC DEFORM NOS-UNSPEC
654,189,Prev c-sectn,PREV C-SECT NOS-UNSPEC (Begin 1990)
656,190,Fetal distrs,FETAL DISTRESS-UNSPEC
661,190,Fetal distrs,PRIM UTERINE INERT-UNSP
662,190,Fetal distrs,PROLONGED 1ST STAGE-UNSP
657,191,Amnios dx,POLYHYDRAMNIOS-UNSPEC (Begin 1991)
658,191,Amnios dx,OLIGOHYDRAMNIOS-UNSPEC
779,191,Amnios dx,MECONIUM STAINING (Begin 2005)
663,192,Umbil cord,CORD PROLAPSE-UNSPEC
664,193,OB-related perin trauma,DEL W 1 DEG LACERAT-UNSP
669,194,Forceps del,FORCEP DELIV NOS-UNSPEC
651,195,Ot compl bir,TWIN PREGNANCY-ANTEPART
655,195,Ot compl bir,FETAL CNS MALFORM-UNSPEC
659,195,Ot compl bir,FAIL MECHAN INDUCT-UNSP
665,195,Ot compl bir,PRELABOR RUPT UTER-UNSP
666,195,Ot compl bir,THIRD-STAGE HEM-UNSPEC
667,195,Ot compl bir,RETAIN PLACENTA NOS-UNSP
668,195,Ot compl bir,PULM COMPL IN DEL-UNSPEC
670,195,Ot compl bir,MAJOR PUERP INFECT-UNSP (Begin 1991)
671,195,Ot compl bir,VARIC VEIN LEG PREG-UNSP
672,195,Ot compl bir,PUERPERAL PYREXIA-UNSPEC (Begin 1991)
673,195,Ot compl bir,OB AIR EMBOLISM-UNSPEC
674,195,Ot compl bir,PUERP CEREBVASC DIS-UNSP
675,195,Ot compl bir,INFECT NIPPLE PREG-UNSP
676,195,Ot compl bir,RETRACT NIPPLE PREG-UNSP
677,195,Ot compl bir,LATE EFFECT OF PREG BIRTH COMPLIC (Begin 1994)
V23,195,Ot compl bir,PREG W HX OF INFERTILITY
650,196,Nml preg/del,NORMAL DELIVERY
V22,196,Nml preg/del,SUPERVIS NORMAL 1ST PREG
V24,196,Nml preg/del,POSTPART CARE AFTER DEL
V27,196,Nml preg/del,DELIVER-SINGLE LIVEBORN
035,197,Skin infectn,ERYSIPELAS
680,197,Skin infectn,CARBUNCLE OF FACE
681,197,Skin infectn,CELLULITIS- FINGER NOS
682,197,Skin infectn,CELLULITIS OF FACE
684,197,Skin infectn,IMPETIGO
685,197,Skin infectn,PILONIDAL CYST W ABSCESS
686,197,Skin infectn,PYODERMA (End 1997)
690,198,Ot infl skin,ERYTHEMATOSQUAMOUS DERM (End 1995)
692,198,Ot infl skin,SUNBURN OF SECOND DEGREE (Begin 2001)
694,198,Ot infl skin,DERMATITIS HERPETIFORMIS
695,198,Ot infl skin,TOXIC ERYTHEMA
696,198,Ot infl skin,PSORIATIC ARTHROPATHY
697,198,Ot infl skin,LICHEN PLANUS
698,198,Ot infl skin,PRURITUS ANI
707,199,Ulcer skin,DECUBITUS ULCER (End 2004)
700,200,Oth skin dx,CORNS AND CALLOSITIES
701,200,Oth skin dx,CIRCUMSCRIBE SCLERODERMA
702,200,Oth skin dx,"OTHER DERMATOSES (Begin 1980, End 1991)"
703,200,Oth skin dx,INGROWING NAIL
704,200,Oth skin dx,ALOPECIA NOS
705,200,Oth skin dx,ANHIDROSIS
706,200,Oth skin dx,ACNE VARIOLIFORMIS
709,200,Oth skin dx,DYSCHROMIA (End 1994)
711,201,Infect arth,PYOGEN ARTHRITIS-UNSPEC
730,201,Infect arth,AC OSTEOMYELITIS-UNSPEC
714,202,Rheum arth,RHEUMATOID ARTHRITIS
720,202,Rheum arth,ANKYLOSING SPONDYLITIS
715,203,Osteoarthros,GENERAL OSTEOARTHROSIS
713,204,Ot joint dx,ARTHROP W ENDOCR/MET DIS
716,204,Ot joint dx,KASCHIN-BECK DIS-UNSPEC
718,204,Ot joint dx,LOOSE BODY-UNSPEC
719,204,Ot joint dx,JOINT EFFUSION-UNSPEC
721,205,Back problem,CERVICAL SPONDYLOSIS
722,205,Back problem,CERVICAL DISC DISPLACMNT
723,205,Back problem,CERVICAL SPINAL STENOSIS
724,205,Back problem,SPINAL STENOSIS NOS
733,206,Osteoporosis,OSTEOPOROSIS NOS
727,208,Acq foot def,BUNION
734,208,Acq foot def,FLAT FOOT
735,208,Acq foot def,HALLUX VALGUS
736,208,Acq foot def,ACQ ANKLE-FOOT DEF NOS
737,209,Ot acq defor,ADOLES POSTURAL KYPHOSIS
738,209,Ot acq defor,ACQ NOSE DEFORMITY
710,210,SLE,SYST LUPUS ERYTHEMATOSUS
725,211,Ot conn tiss,POLYMYALGIA RHEUMATICA
726,211,Ot conn tiss,ADHESIVE CAPSULIT SHLDER
728,211,Ot conn tiss,INFECTIVE MYOSITIS
729,211,Ot conn tiss,RHEUMATISM NOS
731,212,Ot bone dx,OSTEITIS DEFORMANS NOS
732,212,Ot bone dx,JUV OSTEOCHONDROS SPINE
739,212,Ot bone dx,SOMAT DYS HEAD REGION
745,213,Cardiac anom,COMMON TRUNCUS
746,213,Cardiac anom,PULMONARY VALVE ANOM NOS
747,213,Cardiac anom,PATENT DUCTUS ARTERIOSUS
750,214,GI cong anom,TONGUE TIE
751,214,GI cong anom,MECKEL-s DIVERTICULUM
752,215,gu cong anom,ANOMALIES OF OVARIES
753,215,gu cong anom,RENAL AGENESIS
740,216,Nerv cong an,ANENCEPHALUS
741,216,Nerv cong an,SPIN BIF W HYDROCEPH NOS
742,216,Nerv cong an,ENCEPHALOCELE
743,217,Ot cong anom,CLINIC ANOPHTHALMOS NOS
744,217,Ot cong anom,EAR ANOM NOS/IMPAIR HEAR
748,217,Ot cong anom,CHOANAL ATRESIA
749,217,Ot cong anom,CLEFT PALATE NOS
754,217,Ot cong anom,CONG SKULL/FACE/JAW DEF
755,217,Ot cong anom,POLYDACTYLY NOS
756,217,Ot cong anom,ANOMAL SKULL/FACE BONES
757,217,Ot cong anom,HEREDITARY EDEMA OF LEGS
758,217,Ot cong anom,DOWN-s SYNDROME
759,217,Ot cong anom,ANOMALIES OF SPLEEN
V30,218,Liveborn,"SINGLE LIVEBORN-IN HOSP (Begin 1980, End 1989)"
V31,218,Liveborn,"TWIN- MATE LB-IN HOSP (Begin 1980, End 1989)"
V32,218,Liveborn,"TWIN- MATE SB-IN HOSP (Begin 1980, End 1989)"
V33,218,Liveborn,"TWIN NOS-IN HOSPITAL (Begin 1980, End 1989)"
V34,218,Liveborn,"OTH MULTIPLE NB-IN HOSP (Begin 1980, End 1989)"
V35,218,Liveborn,"OTH MULTIPLE SB-IN HOSP (Begin 1980, End 1989)"
V36,218,Liveborn,"MULTIPLE NB/SB-IN HOSP (Begin 1980, End 1989)"
V37,218,Liveborn,"MULT BIRTH NOS-IN HOSP (Begin 1980, End 1989)"
V39,218,Liveborn,"LIVEBORN NOS-IN HOSP (Begin 1980, End 1989)"
764,219,Low birth wt,"LT-FOR-DATES W/O FET MAL (Begin 1980, End 1988)"
765,219,Low birth wt,"EXTREME IMMATURITY (Begin 1980, End 1988)"
V21,219,Low birth wt,LOW BIRTH WEIGHT UNSPEC (Begin 2000)
768,220,Birth asphyx,FETAL DEATH-ANOXIA NOS
770,220,Birth asphyx,NB HYPOXIA (Begin 2006)
769,221,Resp distres,RESPIRATORY DISTRESS SYN
773,222,Perint jaund,NB HEMOLYT DIS:RH ISOIMM
774,222,Perint jaund,PERINAT JAUND-HERED ANEM
767,223,Birth trauma,CEREBRAL HEM AT BIRTH
760,224,Ot perint dx,MATERN HYPERTEN AFF NB
761,224,Ot perint dx,INCOMPETNT CERVIX AFF NB
762,224,Ot perint dx,PLACENTA PREVIA AFF NB
763,224,Ot perint dx,BREECH DEL/EXTRAC AFF NB
766,224,Ot perint dx,EXCEPTIONALLY LARGE BABY
771,224,Ot perint dx,CONGENITAL RUBELLA
772,224,Ot perint dx,FETAL BLOOD LOSS NEC
775,224,Ot perint dx,INFANT DIABET MOTHER SYN
776,224,Ot perint dx,NB HEMORRHAGIC DISEASE
777,224,Ot perint dx,MECONIUM OBSTRUCTION
778,224,Ot perint dx,HYDROPS FETALIS NO ISOIM
V50,224,Ot perint dx,ROUTINE CIRCUMCISION
717,225,Joint injury,OLD BUCKET TEAR MED MEN
830,225,Joint injury,DISLOCATION JAW-CLOSED
831,225,Joint injury,DISLOC SHOULDER NOS-CLOS
832,225,Joint injury,DISLOCAT ELBOW NOS-CLOSE
833,225,Joint injury,DISLOC WRIST NOS-CLOSED
834,225,Joint injury,DISL FINGER NOS-CLOSED
835,225,Joint injury,DISLOCAT HIP NOS-CLOSED
836,225,Joint injury,TEAR MED MENISC KNEE-CUR
837,225,Joint injury,DISLOCATION ANKLE-CLOSED
838,225,Joint injury,DISLOCAT FOOT NOS-CLOSED
839,225,Joint injury,DISLOC CERV VERT NOS-CL
905,225,Joint injury,LATE EFFECT DISLOCATION
820,226,Fx hip,FX FEMUR INTRCAPS NOS-CL
V54,226,Fx hip,AFTERCARE/HEALING TRAUMATIC FX OF HIP (Begin 2002)
806,227,Spin cor inj,C1-C4 FX-CL/CORD INJ NOS
907,227,Spin cor inj,LATE EFF SPINAL CORD INJ
952,227,Spin cor inj,C1-C4 SPIN CORD INJ NOS
800,228,Fx skull fac,CLOSED SKULL VAULT FX
801,228,Fx skull fac,CLOS SKULL BASE FRACTURE
802,228,Fx skull fac,NASAL BONE FX-CLOSED
803,228,Fx skull fac,CLOSE SKULL FRACTURE NEC
804,228,Fx skull fac,CL SKUL FX W OTH BONE FX
810,229,Fx arm,FX CLAVICLE NOS-CLOSED
811,229,Fx arm,FX SCAPULA NOS-CLOSED
812,229,Fx arm,FX UP END HUMERUS NOS-CL
813,229,Fx arm,FX UPPER FOREARM NOS-CL
814,229,Fx arm,FX CARPAL BONE NOS-CLOSE
815,229,Fx arm,FX METACARPAL NOS-CLOSED
816,229,Fx arm,FX PHALANX- HAND NOS-CL
817,229,Fx arm,MULTIPLE FX HAND-CLOSED
818,229,Fx arm,FX ARM MULT/NOS-CLOSED
819,229,Fx arm,FX ARMS W RIB/STERNUM-CL
821,230,Fx leg,FX FEMUR NOS-CLOSED
822,230,Fx leg,FRACTURE PATELLA-CLOSED
823,230,Fx leg,FX UPPER END TIBIA-CLOSE
824,230,Fx leg,FX MEDIAL MALLEOLUS-CLOS
825,230,Fx leg,FRACTURE CALCANEUS-CLOSE
826,230,Fx leg,FX PHALANX- FOOT-CLOSED
827,230,Fx leg,FX LOWER LIMB NEC-CLOSED
805,231,Oth fracture,FX CERVICAL VERT NOS-CL
807,231,Oth fracture,FRACTURE RIB NOS-CLOSED
808,231,Oth fracture,FRACTURE ACETABULUM-CLOS
809,231,Oth fracture,FRACTURE TRUNK BONE-CLOS
828,231,Oth fracture,FX LEGS W ARM/RIB-CLOSED
829,231,Oth fracture,FRACTURE NOS-CLOSED
840,232,Sprain,SPRAIN ACROMIOCLAVICULAR
841,232,Sprain,SPRAIN RADIAL COLLAT LIG
842,232,Sprain,SPRAIN OF WRIST NOS
843,232,Sprain,SPRAIN ILIOFEMORAL
844,232,Sprain,SPRAIN LATERAL COLL LIG
845,232,Sprain,SPRAIN OF ANKLE NOS
846,232,Sprain,SPRAIN LUMBOSACRAL
847,232,Sprain,SPRAIN OF NECK
848,232,Sprain,SPRAIN OF NASAL SEPTUM
850,233,Intracrn inj,CONCUSSION W/O COMA
851,233,Intracrn inj,CEREBRAL CORTX CONTUSION
852,233,Intracrn inj,TRAUM SUBARACHNOID HEM
853,233,Intracrn inj,TRAUMATIC BRAIN HEM NEC
854,233,Intracrn inj,BRAIN INJURY NEC
860,234,Crush injury,TRAUM PNEUMOTHORAX-CLOSE
861,234,Crush injury,HEART INJURY NOS-CLOSED
862,234,Crush injury,DIAPHRAGM INJURY-CLOSED
863,234,Crush injury,STOMACH INJURY-CLOSED
864,234,Crush injury,LIVER INJURY NOS-CLOSED
865,234,Crush injury,SPLEEN INJURY NOS-CLOSED
866,234,Crush injury,KIDNEY INJURY NOS-CLOSED
867,234,Crush injury,BLADDER/URETHRA INJ-CLOS
868,234,Crush injury,INTRA-ABDOM INJ NOS-CLOS
869,234,Crush injury,INTERNAL INJ NOS-CLOSED
900,234,Crush injury,INJUR CAROTID ARTERY NOS
901,234,Crush injury,INJURY THORACIC AORTA
902,234,Crush injury,INJURY ABDOMINAL AORTA
903,234,Crush injury,INJ AXILLARY VESSEL NOS
904,234,Crush injury,INJ COMMON FEMORAL ARTER
906,234,Crush injury,LATE EFFECT OF CRUSHING
908,234,Crush injury,LATE EFF INT INJUR CHEST
925,234,Crush injury,CRUSH INJ FACE/SCALP/NCK (End 1993)
926,234,Crush injury,CRUSH INJ EXT GENITALIA
927,234,Crush injury,CRUSH INJ SHOULDER REG
928,234,Crush injury,CRUSHING INJURY THIGH
929,234,Crush injury,CRUSH INJ MULT SITE NEC
870,235,Opn wnd head,LAC EYELID SKN/PERIOCULR
871,235,Opn wnd head,OCULAR LAC W/O PROLAPSE
872,235,Opn wnd head,OPN WOUND EXTERN EAR NOS
873,235,Opn wnd head,OPEN WOUND OF SCALP
874,235,Opn wnd head,OPN WND LARYNX W TRACHEA
875,235,Opn wnd head,OPEN WOUND OF CHEST
876,235,Opn wnd head,OPEN WOUND OF BACK
877,235,Opn wnd head,OPEN WOUND OF BUTTOCK
878,235,Opn wnd head,OPEN WOUND OF PENIS
879,235,Opn wnd head,OPEN WOUND OF BREAST
880,236,Opn wnd extr,OPEN WOUND OF SHOULDER
881,236,Opn wnd extr,OPEN WOUND OF FOREARM
882,236,Opn wnd extr,OPEN WOUND OF HAND
883,236,Opn wnd extr,OPEN WOUND OF FINGER
884,236,Opn wnd extr,OPEN WOUND ARM MULT/NOS
885,236,Opn wnd extr,AMPUTATION THUMB
886,236,Opn wnd extr,AMPUTATION FINGER
887,236,Opn wnd extr,AMPUT BELOW ELB- UNILAT
890,236,Opn wnd extr,OPEN WOUND OF HIP/THIGH
891,236,Opn wnd extr,OPEN WND KNEE/LEG/ANKLE
892,236,Opn wnd extr,OPEN WOUND OF FOOT
893,236,Opn wnd extr,OPEN WOUND OF TOE
894,236,Opn wnd extr,OPEN WOUND OF LEG NEC
895,236,Opn wnd extr,AMPUTATION TOE
896,236,Opn wnd extr,AMPUTATION FOOT- UNILAT
897,236,Opn wnd extr,AMPUT BELOW KNEE- UNILAT
996,237,Complic devi,MALFUNC CARD DEV/GRF NOS
999,237,Complic devi,INFECT D/T CENT VEN CATH (Begin 2007)
909,238,Complic proc,LATE EFF SURG/MED COMPL
995,238,Complic proc,SHOCK DUE TO ANESTHESIA
997,238,Complic proc,SURG COMPLICATION-CNS (End 1995)
998,238,Complic proc,POSTOPERATIVE SHOCK
910,239,Superfic inj,ABRASION HEAD
911,239,Superfic inj,ABRASION TRUNK
912,239,Superfic inj,ABRASION SHOULDER/ARM
913,239,Superfic inj,ABRASION FOREARM
914,239,Superfic inj,ABRASION HAND
915,239,Superfic inj,ABRASION FINGER
916,239,Superfic inj,ABRASION HIP & LEG
917,239,Superfic inj,ABRASION FOOT & TOE
918,239,Superfic inj,SUPERFIC INJ PERIOCULAR
919,239,Superfic inj,ABRASION NEC
920,239,Superfic inj,CONTUSION FACE/SCALP/NCK
921,239,Superfic inj,BLACK EYE NOS
922,239,Superfic inj,CONTUSION OF BREAST
923,239,Superfic inj,CONTUSION SHOULDER REG
924,239,Superfic inj,CONTUSION OF THIGH
940,240,Burns,CHEMICAL BURN PERIOCULAR
941,240,Burns,BURN NOS HEAD-UNSPEC
942,240,Burns,BURN NOS TRUNK-UNSPEC
943,240,Burns,BURN NOS ARM-UNSPEC
944,240,Burns,BURN NOS HAND-UNSPEC
945,240,Burns,BURN NOS LEG-UNSPEC
946,240,Burns,BURN NOS MULTIPLE SITE
947,240,Burns,BURN OF MOUTH & PHARYNX
948,240,Burns,BDY BRN < 10%/3D DEG NOS
949,240,Burns,BURN NOS
969,241,Poison psych,POISONING-ANTIDEPRESSANT
960,242,Poisn ot med,POISONING-PENICILLINS
961,242,Poisn ot med,POISONING-SULFONAMIDES
962,242,Poisn ot med,POIS-CORTICOSTEROIDS
963,242,Poisn ot med,POIS-ANTIALLRG/ANTIEMET
964,242,Poisn ot med,POISONING-IRON/COMPOUNDS
965,242,Poisn ot med,POISONING-OPIUM NOS
966,242,Poisn ot med,POISON-OXAZOLIDINE DERIV
967,242,Poisn ot med,POISONING-BARBITURATES
968,242,Poisn ot med,POIS-CNS MUSCLE DEPRESS
970,242,Poisn ot med,POISONING-ANALEPTICS
971,242,Poisn ot med,POIS-PARASYMPATHOMIMETIC
972,242,Poisn ot med,POIS-CARD RHYTHM REGULAT
973,242,Poisn ot med,POIS-ANTACID/ANTIGASTRIC
974,242,Poisn ot med,POIS-MERCURIAL DIURETICS
975,242,Poisn ot med,POISONING-OXYTOCIC AGENT
976,242,Poisn ot med,POIS-LOCAL ANTI-INFECT
977,242,Poisn ot med,POISONING-DIETETICS
978,242,Poisn ot med,POISONING-BCG VACCINE
979,242,Poisn ot med,POISON-SMALLPOX VACCINE
980,243,Poisn nonmed,TOXIC EFF ETHYL ALCOHOL
981,243,Poisn nonmed,TOXIC EFF PETROLEUM PROD
982,243,Poisn nonmed,TOXIC EFFECT BENZENE
983,243,Poisn nonmed,TOX EFF CORROSIVE AROMAT
984,243,Poisn nonmed,TX EFF INORG LEAD COMPND
985,243,Poisn nonmed,TOXIC EFFECT MERCURY
986,243,Poisn nonmed,TOX EFF CARBON MONOXIDE
987,243,Poisn nonmed,TOXIC EFF LIQ PETROL GAS
988,243,Poisn nonmed,TOXIC EFF FISH/SHELLFISH
989,243,Poisn nonmed,TOXIC EFFECT CYANIDES
930,244,Other injury,CORNEAL FOREIGN BODY
931,244,Other injury,FOREIGN BODY IN EAR
932,244,Other injury,FOREIGN BODY IN NOSE
933,244,Other injury,FOREIGN BODY IN PHARYNX
934,244,Other injury,FOREIGN BODY IN TRACHEA
935,244,Other injury,FOREIGN BODY IN MOUTH
936,244,Other injury,FB IN INTESTINE & COLON
937,244,Other injury,FOREIGN BODY ANUS/RECTUM
938,244,Other injury,FOREIGN BODY GI NOS
939,244,Other injury,FB BLADDER & URETHRA
950,244,Other injury,OPTIC NERVE INJURY
951,244,Other injury,INJURY OCULOMOTOR NERVE
953,244,Other injury,CERVICAL ROOT INJURY
954,244,Other injury,INJ CERV SYMPATH NERVE
955,244,Other injury,INJURY AXILLARY NERVE
956,244,Other injury,INJURY SCIATIC NERVE
957,244,Other injury,INJ SUPERF NERV HEAD/NCK
958,244,Other injury,AIR EMBOLISM
959,244,Other injury,FACE AND NECK INJURY NOS (End 1997)
990,244,Other injury,EFFECTS RADIATION NOS
991,244,Other injury,FROSTBITE OF FACE
992,244,Other injury,HEAT STROKE & SUNSTROKE
993,244,Other injury,BAROTRAUMA- OTITIC
994,244,Other injury,EFFECTS OF LIGHTNING
683,247,Lymph enlarg,ACUTE LYMPHADENITIS
691,253,Allergy,DIAPER OR NAPKIN RASH
693,253,Allergy,DRUG DERMATITIS NOS
708,253,Allergy,ALLERGIC URTICARIA
V14,253,Allergy,HX-PENICILLIN ALLERGY
V57,254,Rehab,BREATHING EXERCISES
V20,255,Social admin,FOUNDLING HEALTH CARE
V60,255,Social admin,LACK OF HOUSING
V61,255,Social admin,FAMILY DISRUPTION
V63,255,Social admin,HOME REMOTE FROM HOSPITL
V68,255,Social admin,ISSUE MEDICAL CERTIFICAT (end 2007)
V29,256,Exam/eval,OSERV-SUSPECT INFEC INFNT (Begin 1992)
V51,257,Ot aftercare,AFTERCARE W PLASTIC SURG
V76,258,Other screen,SCREEN MAL NEOP-RESP ORG
V77,258,Other screen,SCREEN THYROID DISORDER
V78,258,Other screen,SCREEN IRON DEFIC ANEMIA
V80,258,Other screen,SCREEN NEUROLOGICAL COND
V81,258,Other screen,SCREEN ISCHEMIC HEART DIS
V82,258,Other screen,SCREEN FOR SKIN COND
798,259,Unclassified,SUDDEN INFANT DEATH SYND
V16,259,Unclassified,FAMILY HX-GI MALIGNANCY
V17,259,Unclassified,FAM HX-PSYCHIATRIC COND
V18,259,Unclassified,FAM HX-DIABETES MELLITUS
V19,259,Unclassified,FAMILY HX-BLINDNESS
V59,259,Unclassified,BLOOD DONOR (End 1995)
V64,259,Unclassified,NO VACCIN/CONTRAINDICAT (End 2005)
V69,259,Unclassified,LACK PHYSICAL EXERCISE (Begin 1994)
V83,259,Unclassified,ASYMPT HEMOPHILIA A CARRIER (Begin 2001)
V84,259,Unclassified,GENETC SUS MAL NEO BREST (Begin 2004)
V86,259,Unclassified,ESTROGEN RECEP PSTV STAT (Begin 2006)
E920,2601,E Codes: Cut/pierce,ACC-POWERED LAWN MOWER
E956,2601,E Codes: Cut/pierce,INJURY-CUT INSTRUMENT
E966,2601,E Codes: Cut/pierce,ASSAULT-CUTTING INSTR
E974,2601,E Codes: Cut/pierce,LEGAL INTERVEN-CUT INSTR
E986,2601,E Codes: Cut/pierce,UNDET CIRC-CUT INSTRUMNT
E830,2602,E Codes: Drowning/submersion,BOAT ACC W SUBMERS-UNPOW
E832,2602,E Codes: Drowning/submersion,SUBMERS NEC-UNPOW BOAT
E910,2602,E Codes: Drowning/submersion,WATER-SKIING ACCIDENT
E954,2602,E Codes: Drowning/submersion,INJURY-SUBMERSION
E964,2602,E Codes: Drowning/submersion,ASSAULT-SUBMERSION
E984,2602,E Codes: Drowning/submersion,UNDETERM CIRC-SUBMERSION
E880,2603,E Codes: Fall,FALL ON ESCALATOR
E881,2603,E Codes: Fall,FALL FROM LADDER
E882,2603,E Codes: Fall,FALL FROM BUILDING
E883,2603,E Codes: Fall,DIVING ACCIDENT
E884,2603,E Codes: Fall,FALL FROM PLAYGRND EQUIP
E885,2603,E Codes: Fall,FALL SLIP TRIP (End 2000)
E886,2603,E Codes: Fall,FALL IN SPORTS
E888,2603,E Codes: Fall,FALL NOS (End 2001)
E957,2603,E Codes: Fall,INJURY-JUMP FM RESIDENCE
E968,2603,E Codes: Fall,ASSLT-PUSH FROM HI PLACE
E987,2603,E Codes: Fall,UNDET CIRC-FALL RESIDENC
E890,2604,E Codes: Fire/burn,PRIVAT DWELL FIRE-EXPLOS
E891,2604,E Codes: Fire/burn,FIRE IN BLDG-EXPLOSION
E892,2604,E Codes: Fire/burn,FIRE NOT IN BUILDING
E893,2604,E Codes: Fire/burn,CLOTHING FIRE-PRIV DWELL
E894,2604,E Codes: Fire/burn,FIRE-HIGHLY INFLAM MATER
E895,2604,E Codes: Fire/burn,BURN ACC IN PRIVAT DWELL
E896,2604,E Codes: Fire/burn,BURN ACC IN BLDG NEC
E897,2604,E Codes: Fire/burn,BURN ACC NOT IN BLDG
E898,2604,E Codes: Fire/burn,BURNING BEDCLOTHES
E899,2604,E Codes: Fire/burn,FIRE ACCIDENT NOS
E924,2604,E Codes: Fire/burn,ACC-HOT LIQUID & STEAM
E958,2604,E Codes: Fire/burn,INJURY-BURN- FIRE
E961,2604,E Codes: Fire/burn,ASSAULT-CORROSIV/CAUST
E979,2604,E Codes: Fire/burn,TERRORISM; FIRES (Begin 2002)
E988,2604,E Codes: Fire/burn,UNDETERM CIRC-BURN- FIRE
E922,2605,E Codes: Firearm,HANDGUN ACCIDENT
E955,2605,E Codes: Firearm,INJURY-HANDGUN
E965,2605,E Codes: Firearm,ASSAULT-HANDGUN
E970,2605,E Codes: Firearm,LEGAL INTERVENT-FIREARM
E985,2605,E Codes: Firearm,UNDETERMIN CIRC-HANDGUN
E919,2606,E Codes: Machinery,MACHINE ACCID-AGRICULT
E810,2607,e codes: motor vehicle traffic (mvt),MV-TRAIN COLL-DRIVER
E811,2607,e codes: motor vehicle traffic (mvt),REENTRANT MV COLL-DRIVER
E812,2607,e codes: motor vehicle traffic (mvt),MV COLLISION NOS-DRIVER
E813,2607,e codes: motor vehicle traffic (mvt),MV-OTH VEH COLL-DRIVER
E814,2607,e codes: motor vehicle traffic (mvt),MV COLL W PEDEST-DRIVER
E815,2607,e codes: motor vehicle traffic (mvt),MV COLL W OTH OBJ-DRIVER
E816,2607,e codes: motor vehicle traffic (mvt),LOSS CONTROL MV ACC-DRIV
E817,2607,e codes: motor vehicle traffic (mvt),MV ACC BOARD/ALIGHT-DRIV
E818,2607,e codes: motor vehicle traffic (mvt),MV TRAFF ACC NEC-DRIVER
E819,2607,e codes: motor vehicle traffic (mvt),TRAFFIC ACC NOS-DRIVER
E800,2608,E Codes: Pedal cyclist- not MVT,RR COLL NOS-PED CYCLIST
E801,2608,E Codes: Pedal cyclist- not MVT,RR COLL W OTH OBJ-CYCL
E802,2608,E Codes: Pedal cyclist- not MVT,RR ACC W DERAIL-PED CYCL
E803,2608,E Codes: Pedal cyclist- not MVT,RR ACC W EXPLOS-PED CYCL
E804,2608,E Codes: Pedal cyclist- not MVT,FALL FROM TRAIN-PED CYCL
E805,2608,E Codes: Pedal cyclist- not MVT,HIT BY TRAIN-PED CYCLIST
E806,2608,E Codes: Pedal cyclist- not MVT,RR ACC NEC-PED CYCLIST
E807,2608,E Codes: Pedal cyclist- not MVT,RR ACC NOS-PED CYCLIST
E820,2608,E Codes: Pedal cyclist- not MVT,SNOW VEH ACC-PED CYCL
E821,2608,E Codes: Pedal cyclist- not MVT,OTH OFF-ROAD MV-PED CYCL
E822,2608,E Codes: Pedal cyclist- not MVT,OTH COLL MOV OBJ-PED CYC
E823,2608,E Codes: Pedal cyclist- not MVT,OTH COLL STN OBJ-PED CYC
E824,2608,E Codes: Pedal cyclist- not MVT,N-TRAF BRD/ALIT-PED CYCL
E825,2608,E Codes: Pedal cyclist- not MVT,MV N-TRAFF NEC-PED CYCL
E826,2608,E Codes: Pedal cyclist- not MVT,PED CYCL ACC-PED CYCLIST
E827,2609,E Codes: Pedestrian- not MVT,ANIMAL DRAWN VEH-PEDEST
E828,2609,E Codes: Pedestrian- not MVT,RIDDEN ANIMAL ACC-PEDEST
E829,2609,E Codes: Pedestrian- not MVT,OTH ROAD VEH ACC-PEDEST
E831,2610,e codes: transport- not mvt,BOAT ACC INJ NEC-UNPOWER
E833,2610,e codes: transport- not mvt,W/CRAFT STAIR FALL-UNPOW
E834,2610,e codes: transport- not mvt,W/CRAFT FALL NEC-UNPOW
E835,2610,e codes: transport- not mvt,W/CRAFT FALL NOS-UNPOW
E836,2610,e codes: transport- not mvt,MACHINE ACC-UNPOW BOAT
E837,2610,e codes: transport- not mvt,EXPLOSION-OCC UNPOW BOAT
E838,2610,e codes: transport- not mvt,WATERCRAFT ACC NEC-UNPOW
E840,2610,e codes: transport- not mvt,TK OFF/LAND-SPCRFT
E841,2610,e codes: transport- not mvt,POW AIRCRAFT ACC-SPCRFT
E842,2610,e codes: transport- not mvt,UNPOWER AIRCRAFT ACC-OCC
E843,2610,e codes: transport- not mvt,FALL-OCC SPACECRAFT
E844,2610,e codes: transport- not mvt,AIRCRFT ACC NEC-SPCRFT
E845,2610,e codes: transport- not mvt,SPACECRAFT ACC-OCCUPANT
E900,2611,E Codes: Natural/environment,EXCESSIVE HEAT: WEATHER
E901,2611,E Codes: Natural/environment,EXCESSIVE COLD: WEATHER
E902,2611,E Codes: Natural/environment,HIGH ALTITUDE RESIDENCE
E903,2611,E Codes: Natural/environment,TRAVEL AND MOTION
E904,2611,E Codes: Natural/environment,ABANDONMENT/LACK OF CARE
E905,2611,E Codes: Natural/environment,VENOMOUS SNAKE BITE
E906,2611,E Codes: Natural/environment,DOG BITE
E907,2611,E Codes: Natural/environment,ACC DUE TO LIGHTNING
E908,2611,E Codes: Natural/environment,ACC D/T STORMS (End 1995)
E909,2611,E Codes: Natural/environment,ACC D/T EARTH SURFACE MVT (End 1995)
E928,2611,E Codes: Natural/environment,ACC D/T WEIGHTLESS ENVIR
E927,2612,E Codes: Overexertion,ACCID FROM OVEREXERTION
E850,2613,E Codes: Poisoning,ACC POISON-HEROIN
E851,2613,E Codes: Poisoning,ACC POISON-BARBITURATES
E852,2613,E Codes: Poisoning,ACC POISN-CHLORL HYDRATE
E853,2613,E Codes: Poisoning,ACC POIS-PHENTHIAZ TRANQ
E854,2613,E Codes: Poisoning,ACC POISON-ANTIDEPRESSNT
E855,2613,E Codes: Poisoning,ACC POISN-ANTICONVULSANT
E856,2613,E Codes: Poisoning,ACC POISON-ANTIBIOTICS
E857,2613,E Codes: Poisoning,ACC POIS-OTH ANTI-INFECT
E858,2613,E Codes: Poisoning,ACC POISON-HORMONES
E860,2613,E Codes: Poisoning,ACC POISN-ALCOHOL BEVRAG
E861,2613,E Codes: Poisoning,ACC POIS-SYNTH DETERGENT
E862,2613,E Codes: Poisoning,ACC POISN-PETROL SOLVENT
E863,2613,E Codes: Poisoning,ACC POIS-CHLORINE PESTIC
E864,2613,E Codes: Poisoning,ACC POIS-CORROSIV AROMAT
E865,2613,E Codes: Poisoning,ACC POISON-MEAT
E866,2613,E Codes: Poisoning,ACC POISONING-LEAD
E867,2613,E Codes: Poisoning,ACC POISON-PIPED GAS
E868,2613,E Codes: Poisoning,ACC POIS-LIQ PETROL GAS
E869,2613,E Codes: Poisoning,ACC POISN-NITROGEN OXIDE
E950,2613,E Codes: Poisoning,POISON-ANALGESICS
E951,2613,E Codes: Poisoning,POISON-PIPED GAS
E952,2613,E Codes: Poisoning,POISON-EXHAUST GAS
E962,2613,E Codes: Poisoning,ASSAULT-POIS W MEDIC AGT
E972,2613,E Codes: Poisoning,LEGAL INTERVENT-GAS
E980,2613,E Codes: Poisoning,UNDETERM POIS-ANALGESICS
E981,2613,E Codes: Poisoning,UNDETER POIS-PIPED GAS
E982,2613,E Codes: Poisoning,UNDETER POIS-EXHAUST GAS
E916,2614,E Codes: Struck by- against,STRUCK BY FALLING OBJECT
E917,2614,E Codes: Struck by- against,SPORTS ACC W/O SUB FALL
E960,2614,E Codes: Struck by- against,UNARMED FIGHT OR BRAWL
E973,2614,E Codes: Struck by- against,LEGAL INTERVEN-BLUNT OBJ
E975,2614,E Codes: Struck by- against,LEGAL INTERVENTION NEC
E911,2615,E Codes: Suffocation,RESP OBSTR-FOOD INHAL
E912,2615,E Codes: Suffocation,RESP OBSTR-INHAL OBJ NEC
E913,2615,E Codes: Suffocation,SUFFOCAT IN BED/CRADLE
E953,2615,E Codes: Suffocation,INJURY-HANGING
E963,2615,E Codes: Suffocation,ASSAULT-HANGING/STRANGUL
E983,2615,E Codes: Suffocation,UNDETERMIN CIRC-HANGING
E870,2616,E Codes: Adverse effects of medical care,ACC CUT/HEM IN SURGERY
E871,2616,E Codes: Adverse effects of medical care,POST-SURGICAL FORGN BODY
E872,2616,E Codes: Adverse effects of medical care,FAILURE STERILE SURGERY
E873,2616,E Codes: Adverse effects of medical care,EXCESS FLUID IN INFUSION
E874,2616,E Codes: Adverse effects of medical care,INSTRMNT FAIL IN SURGERY
E875,2616,E Codes: Adverse effects of medical care,CONTAMINATED TRANSFUSION
E876,2616,E Codes: Adverse effects of medical care,MISMATCH BLOOD-TRANSFUSN
E878,2616,E Codes: Adverse effects of medical care,ABN REACT-ORG TRANSPLANT
E879,2616,E Codes: Adverse effects of medical care,ABN REACT-CARDIAC CATH
E930,2617,E Codes: Adverse effects of medical drugs,ADV EFF PENICILLINS
E931,2617,E Codes: Adverse effects of medical drugs,ADV EFF SULFONAMIDES
E932,2617,E Codes: Adverse effects of medical drugs,ADV EFF CORTICOSTEROIDS
E933,2617,E Codes: Adverse effects of medical drugs,ADV EFF ANALLRG/ANTEMET
E934,2617,E Codes: Adverse effects of medical drugs,ADV EFF IRON & COMPOUNDS
E935,2617,E Codes: Adverse effects of medical drugs,ADV EFF HEROIN
E936,2617,E Codes: Adverse effects of medical drugs,ADV EFF OXAZOLIDIN DERIV
E937,2617,E Codes: Adverse effects of medical drugs,ADV EFF BARBITURATES
E938,2617,E Codes: Adverse effects of medical drugs,ADV EFF CNS MUSCL DEPRES
E939,2617,E Codes: Adverse effects of medical drugs,ADV EFF ANTIDEPRESSANTS
E940,2617,E Codes: Adverse effects of medical drugs,ADV EFF ANALEPTICS
E941,2617,E Codes: Adverse effects of medical drugs,ADV EFF CHOLINERGICS
E942,2617,E Codes: Adverse effects of medical drugs,ADV EFF CARD RHYTH REGUL
E943,2617,E Codes: Adverse effects of medical drugs,ADV EFF ANTACIDS
E944,2617,E Codes: Adverse effects of medical drugs,ADV EFF MERCURY DIURETIC
E945,2617,E Codes: Adverse effects of medical drugs,ADV EFF OXYTOCIC AGENTS
E946,2617,E Codes: Adverse effects of medical drugs,ADV EFF LOC ANTI-INFECTV
E947,2617,E Codes: Adverse effects of medical drugs,ADV EFF DIETETICS
E948,2617,E Codes: Adverse effects of medical drugs,ADV EFF BCG VACCINE
E949,2617,E Codes: Adverse effects of medical drugs,ADV EFF SMALLPOX VACCINE
E846,2618,E Codes: Other specified and classifiable,INDUS VEH ACC ON PREMISE
E847,2618,E Codes: Other specified and classifiable,CABL CAR ACC NOT ON RAIL
E848,2618,E Codes: Other specified and classifiable,OTH VEHICLE ACC NEC
E914,2618,E Codes: Other specified and classifiable,FB ENTERING EYE
E915,2618,E Codes: Other specified and classifiable,FB ENTERING OTH ORIFICE
E918,2618,E Codes: Other specified and classifiable,CAUGHT BETWEEN OBJECTS
E921,2618,E Codes: Other specified and classifiable,BOILER EXPLOSION
E923,2618,E Codes: Other specified and classifiable,FIREWORKS ACCIDENT
E925,2618,E Codes: Other specified and classifiable,DOMESTIC WIRING ACCIDENT
E926,2618,E Codes: Other specified and classifiable,RADIOFREQ RADIAT EXPOSUR
E929,2618,E Codes: Other specified and classifiable,LATE EFF MOTOR VEHIC ACC
E967,2618,E Codes: Other specified and classifiable,ABUSE BY FTHER/STPFTH/BF
E971,2618,E Codes: Other specified and classifiable,LEGAL INTERVENT-EXPLOSIV
E978,2618,E Codes: Other specified and classifiable,LEGAL EXECUTION
E990,2618,E Codes: Other specified and classifiable,WAR INJ:GASOLINE BOMB
E991,2618,E Codes: Other specified and classifiable,WAR INJ:RUBBER BULLET
E992,2618,E Codes: Other specified and classifiable,WAR INJ:MARINE EXPLOS
E993,2618,E Codes: Other specified and classifiable,WAR INJURY:EXPLOS NEC
E994,2618,E Codes: Other specified and classifiable,WAR INJ:AIRCRFT DESTRUC
E996,2618,E Codes: Other specified and classifiable,WAR INJ:NUCLEAR WEAPONS
E997,2618,E Codes: Other specified and classifiable,WAR INJURY:LASERS
E999,2618,E Codes: Other specified and classifiable,LATE EFFECT; WAR INJURY (Begin 2002)
E959,2619,e codes: other specified- nec,LATE EFF OF SELF-INJURY
E969,2619,e codes: other specified- nec,LATE EFFECT ASSAULT
E977,2619,e codes: other specified- nec,LATE EFF-LEGAL INTERVENT
E989,2619,e codes: other specified- nec,LATE EFF INJ-UNDET CIRC
E995,2619,e codes: other specified- nec,WAR INJUR-CONVEN WAR NEC
E998,2619,e codes: other specified- nec,WAR INJ:POST WAR OPERAT
E887,2620,E Codes: Unspecified,FRACTURE- CAUSE NOS
E976,2620,E Codes: Unspecified,LEGAL INTERVENTION NOS
E849,2621,E Codes: Place of occurrence,ACCIDENT IN HOME
